{"cameraMode":{"drawMode":0,"name":"Shaded","section":"Shading Mode"},"sceneLighting":true,"audioPlay":false,"sceneViewState":{"showFog":true,"showMaterialUpdate":true,"showSkybox":true,"showFlares":true,"showImageEffects":true,"showParticleSystems":true},"in2DMode":false,"pivot":{"x":12.496718406677246,"y":6.8253865242004398,"z":0.5093477964401245},"rotation":{"x":0.23943254351615907,"y":-0.6897132396697998,"z":0.27352893352508547,"w":0.6262771487236023},"size":3.261620283126831,"orthographic":false}