{"cameraMode":{"drawMode":0,"name":"Shaded","section":"Shading Mode"},"sceneLighting":false,"audioPlay":false,"sceneViewState":{"showFog":false,"showMaterialUpdate":false,"showSkybox":false,"showFlares":false,"showImageEffects":false,"showParticleSystems":false},"in2DMode":false,"pivot":{"x":-1.5275784730911255,"y":1.3494609594345093,"z":-0.8970479965209961},"rotation":{"x":-0.12118183821439743,"y":-0.5458495616912842,"z":0.08015869557857514,"w":-0.8251949548721314},"size":4.847688674926758,"orthographic":false}